CustomerId,First_Name,Last_Name,Email,Gender,Zip,State,CreditLimit,Join_Date
1,Elyssa,Yewdell,eyewdell0@gizmodo.com,Female,06127,Connecticut,93-757-3618,22/12/2016
2,Oates,MacIlwrick,omacilwrick1@house.gov,Male,70142,Louisiana,56-696-9238,26/10/2016
3,Delmar,Adrain,dadrain2@joomla.org,Male,48076,Michigan,32-045-7277,15/05/2012
4,Kimberli,Payton,kpayton3@nature.com,Female,39210,Mississippi,29-578-8245,13/10/2013
5,Flynn,Van Arsdall,fvanarsdall4@discovery.com,Male,80638,Colorado,14-627-9774,24/07/2015
6,Jillane,Hayley,jhayley5@so-net.ne.jp,Female,34233,Florida,87-628-7482,24/11/2013
7,Maximilianus,Lynock,mlynock6@is.gd,Male,60652,Illinois,69-963-5891,12/07/2011
8,Celestia,Royan,croyan7@cnet.com,Female,67236,Kansas,79-613-7565,19/03/2012
9,Zedekiah,Reford,zreford8@sbwire.com,Male,38168,Tennessee,89-850-0237,21/08/2015
10,Ofella,Stanbro,ostanbro9@webs.com,Female,20816,Maryland,67-865-7233,25/11/2014
11,Catherin,Glasby,cglasbya@paypal.com,Female,38109,Tennessee,30-519-7418,19/11/2013
12,Gabriell,Fearnsides,gfearnsidesb@google.co.jp,Female,92121,California,71-264-3620,17/12/2011
13,Adams,Mosdell,amosdellc@mtv.com,Male,20580,District of Columbia,49-438-8091,01/08/2013
14,Roldan,Rubel,rrubeld@canalblog.com,Male,79171,Texas,28-151-8698,12/05/2015
15,Corny,Chastney,cchastneye@usgs.gov,Male,89145,Nevada,02-408-9575,25/01/2016
16,Leodora,Toppes,ltoppesf@nasa.gov,Female,32813,Florida,71-521-1792,25/12/2011
17,Waylon,Choake,wchoakeg@google.pl,Male,94807,California,77-862-9044,08/08/2014
18,Herby,McGarel,hmcgarelh@macromedia.com,Male,62723,Illinois,70-698-0105,06/10/2014
19,Nomi,Carwardine,ncarwardinei@domainmarket.com,Female,79176,Texas,66-475-3044,21/02/2015
20,Ricard,O'Dee,rodeej@diigo.com,Male,97306,Oregon,83-824-5327,25/11/2011
21,Yurik,Bachs,ybachsk@indiegogo.com,Male,22047,Virginia,76-077-8877,17/11/2013
22,Rhoda,Chedzoy,rchedzoyl@pbs.org,Female,75710,Texas,14-666-7979,14/05/2012
23,Gwenette,Lissenden,glissendenm@archive.org,Female,66629,Kansas,87-459-2617,09/01/2011
24,Fairfax,Cavell,fcavelln@prlog.org,Male,94273,California,64-249-4634,25/06/2013
25,Janifer,Linny,jlinnyo@printfriendly.com,Female,51110,Iowa,24-174-2410,30/09/2013
26,Orson,Brendeke,obrendekep@google.com.br,Male,33499,Florida,70-612-1533,14/06/2015
27,Igor,Aylott,iaylottq@cafepress.com,Male,70187,Louisiana,08-070-5672,08/02/2012
28,Adel,Gotcliff,agotcliffr@constantcontact.com,Female,78245,Texas,36-422-5941,25/05/2011
29,Angelique,Glassford,aglassfords@washington.edu,Female,55480,Minnesota,93-297-5634,13/05/2013
30,Tybie,Cleatherow,tcleatherowt@thetimes.co.uk,Female,45419,Ohio,82-624-1986,05/09/2012
31,Grantham,Fyall,gfyallu@mtv.com,Male,89110,Nevada,55-497-5662,23/04/2015
32,Marion,Petti,mpettiv@kickstarter.com,Female,43605,Ohio,19-315-5302,29/06/2017
33,Rasia,Leftley,rleftleyw@flavors.me,Female,55564,Minnesota,57-146-4646,25/02/2011
34,Hobart,Hauxwell,hhauxwellx@addthis.com,Male,22405,Virginia,55-730-2324,05/11/2011
35,Coraline,Impy,cimpyy@earthlink.net,Female,70187,Louisiana,59-744-0535,28/09/2016
36,Sergei,Garham,sgarhamz@webs.com,Male,01813,Massachusetts,33-895-4071,25/08/2013
37,Drucie,Wyer,dwyer10@hc360.com,Female,20088,District of Columbia,03-875-9797,11/05/2015
38,Cahra,Storton,cstorton11@pagesperso-orange.fr,Female,33196,Florida,45-280-7102,14/01/2017
39,Darb,Espadas,despadas12@digg.com,Male,55407,Minnesota,59-034-7491,15/02/2013
40,Hedwiga,Goodliff,hgoodliff13@mapquest.com,Female,31422,Georgia,90-608-0844,07/07/2013
41,Broddy,Wittering,bwittering14@uol.com.br,Male,80150,Colorado,11-076-8026,21/08/2013
42,Chaim,Taunton.,ctaunton15@ocn.ne.jp,Male,52410,Iowa,57-941-6337,25/04/2017
43,Mara,Huller,mhuller16@nba.com,Female,98907,Washington,44-845-8528,22/08/2011
44,Karney,Sanham,ksanham17@opera.com,Male,66210,Kansas,78-814-1223,16/12/2013
45,Stephenie,Renzo,srenzo18@yolasite.com,Female,78278,Texas,89-053-2712,04/12/2011
46,Franklin,Janaszewski,fjanaszewski19@zdnet.com,Male,29625,South Carolina,40-165-3203,23/05/2011
47,Rosette,Ellwell,rellwell1a@stumbleupon.com,Female,87110,New Mexico,92-181-0177,29/08/2015
48,Larissa,Pinckney,lpinckney1b@networkadvertising.org,Female,33164,Florida,95-239-9682,27/04/2011
49,Izzy,Bursnoll,ibursnoll1c@webs.com,Male,71115,Louisiana,39-365-2254,03/09/2010
50,Loren,Fayter,lfayter1d@sourceforge.net,Male,50310,Iowa,34-380-7616,13/07/2013
51,Kayley,Styant,kstyant1e@cpanel.net,Female,33315,Florida,78-697-0010,25/06/2012
52,Payton,Hanalan,phanalan1f@rambler.ru,Male,33164,Florida,17-452-6306,06/10/2012
53,Montgomery,Burdoun,mburdoun1g@paginegialle.it,Male,97255,Oregon,81-026-1794,07/04/2015
54,Rodolphe,Chadwell,rchadwell1h@stumbleupon.com,Male,20719,Maryland,30-090-3934,03/04/2013
55,Melly,Mushett,mmushett1i@qq.com,Female,84120,Utah,22-722-6655,23/02/2015
56,Boycey,Rouke,brouke1j@bluehost.com,Male,80015,Colorado,65-185-1436,12/08/2014
57,Granger,Abbatini,gabbatini1k@un.org,Male,19172,Pennsylvania,71-920-2441,10/04/2017
58,Della,Gyngell,dgyngell1l@bizjournals.com,Female,58505,North Dakota,79-164-6032,16/02/2013
59,Tate,Housam,thousam1m@blogger.com,Male,33134,Florida,72-366-1309,29/10/2014
60,Yardley,Giovannetti,ygiovannetti1n@examiner.com,Male,77040,Texas,77-647-1906,02/06/2015
61,Kerry,Lill,klill1o@guardian.co.uk,Male,55417,Minnesota,13-362-1622,30/07/2013
62,Barnaby,Swiers,bswiers1p@opensource.org,Male,02203,Massachusetts,75-352-1143,10/12/2010
63,Nikaniki,Palphramand,npalphramand1q@storify.com,Female,76011,Texas,24-413-2490,16/04/2011
64,Isaac,Grelak,igrelak1r@chron.com,Male,73197,Oklahoma,53-884-3185,16/10/2016
65,Tito,Dann,tdann1s@live.com,Male,95155,California,48-666-5822,21/07/2011
66,Flem,Dibdin,fdibdin1t@squarespace.com,Male,90189,California,39-408-2614,26/01/2017
67,Renado,Stabler,rstabler1u@timesonline.co.uk,Male,66105,Kansas,08-963-3298,31/12/2011
68,Alexandre,Stambridge,astambridge1v@macromedia.com,Male,84409,Utah,35-007-2255,01/09/2016
69,Demetris,Tapper,dtapper1w@constantcontact.com,Male,10115,New York,97-206-8157,13/09/2014
70,Marice,Struttman,mstruttman1x@multiply.com,Female,38150,Tennessee,24-680-0092,05/01/2011
71,Shep,Whittall,swhittall1y@g.co,Male,77299,Texas,80-591-3260,14/04/2016
72,Kennith,Ivell,kivell1z@jugem.jp,Male,92648,California,15-642-2777,30/06/2017
73,Alejoa,Dessaur,adessaur20@mozilla.com,Male,19184,Pennsylvania,73-683-6407,25/09/2011
74,Chas,Dayborne,cdayborne21@live.com,Male,94137,California,13-404-9755,09/06/2017
75,Darn,Sawter,dsawter22@adobe.com,Male,29208,South Carolina,98-084-9573,15/04/2016
76,Alisha,Todhunter,atodhunter23@behance.net,Female,10260,New York,83-236-4571,23/08/2015
77,Lindy,Houndson,lhoundson24@posterous.com,Female,15225,Pennsylvania,13-064-7876,02/09/2011
78,Mellisa,Callister,mcallister25@xinhuanet.com,Female,55905,Minnesota,09-496-0893,30/12/2012
79,Gil,Accomb,gaccomb26@twitpic.com,Male,89178,Nevada,87-165-2684,08/04/2017
80,Kate,McGoldrick,kmcgoldrick27@clickbank.net,Female,66210,Kansas,83-582-2503,26/04/2014
81,Lora,Edmundson,ledmundson28@who.int,Female,94297,California,48-769-3651,08/04/2015
82,Griswold,Tunnah,gtunnah29@cnn.com,Male,55441,Minnesota,46-098-5075,31/05/2011
83,Cassaundra,Linden,clinden2a@nps.gov,Female,62525,Illinois,82-304-2441,18/01/2012
84,Dagmar,Bottrill,dbottrill2b@abc.net.au,Female,75260,Texas,98-679-3373,03/08/2012
85,Tabatha,Dawe,tdawe2c@slashdot.org,Female,30375,Georgia,61-665-8636,22/04/2011
86,Hunfredo,Bour,hbour2d@tamu.edu,Male,98166,Washington,50-124-5089,20/02/2013
87,Pren,Jerdein,pjerdein2e@wunderground.com,Male,33158,Florida,20-778-1694,09/08/2011
88,Ambrosius,Hurtic,ahurtic2f@g.co,Male,91520,California,16-074-6189,27/12/2016
89,Flem,Gouldie,fgouldie2g@engadget.com,Male,33411,Florida,19-649-8476,08/06/2011
90,Bo,Cregeen,bcregeen2h@shutterfly.com,Male,60686,Illinois,91-356-9313,12/01/2012
91,Cristobal,Devany,cdevany2i@mapquest.com,Male,19136,Pennsylvania,30-546-2506,12/08/2014
92,Penny,Falla,pfalla2j@house.gov,Female,32520,Florida,91-028-7065,29/11/2015
93,Collette,Olivari,colivari2k@istockphoto.com,Female,45208,Ohio,53-611-7558,25/02/2014
94,Viviyan,Esmonde,vesmonde2l@taobao.com,Female,22333,Virginia,76-992-6415,21/09/2014
95,Wright,Klazenga,wklazenga2m@home.pl,Male,90189,California,99-585-1636,01/09/2010
96,Pauly,Leidecker,pleidecker2n@springer.com,Male,06533,Connecticut,00-928-4900,02/11/2014
97,Adina,Baldacchino,abaldacchino2o@aol.com,Female,75185,Texas,10-349-2009,07/07/2013
98,Calvin,Bissell,cbissell2p@arizona.edu,Male,11254,New York,08-292-9737,19/01/2016
99,Nani,Orto,norto2q@wikispaces.com,Female,27110,North Carolina,39-042-9191,07/04/2013
100,Allis,Inderwick,ainderwick2r@berkeley.edu,Female,61651,Illinois,27-508-5509,01/12/2016
101,Charlie,Poytress,cpoytress2s@indiegogo.com,Male,11480,New York,91-810-8305,13/03/2015
102,Jedediah,Gownge,jgownge2t@wp.com,Male,24503,Virginia,51-865-1438,28/04/2014
103,Ruben,Resdale,rresdale2u@independent.co.uk,Male,37250,Tennessee,54-632-2840,21/07/2011
104,Rosie,Abrahm,rabrahm2v@dot.gov,Female,79710,Texas,98-508-6485,12/06/2011
105,Mose,Pym,mpym2w@craigslist.org,Male,91616,California,32-372-5603,25/09/2016
106,Gillie,Grishkov,ggrishkov2x@state.tx.us,Female,64144,Missouri,50-481-9370,13/05/2013
107,Nevin,McLoney,nmcloney2y@exblog.jp,Male,33330,Florida,06-252-6746,27/04/2014
108,Karlan,Grutchfield,kgrutchfield2z@deliciousdays.com,Male,90060,California,61-431-1772,26/07/2017
109,Calhoun,Sogg,csogg30@gizmodo.com,Male,91606,California,18-670-1172,13/09/2010
110,Sigfried,Sapwell,ssapwell31@mit.edu,Male,15240,Pennsylvania,33-751-6597,13/08/2014
111,Kerrie,Quinlan,kquinlan32@fc2.com,Female,35236,Alabama,40-706-8059,13/10/2012
112,Dick,Clarkin,dclarkin33@geocities.jp,Male,68134,Nebraska,75-768-5438,04/07/2014
113,Nisse,Thomsen,nthomsen34@adobe.com,Female,77281,Texas,50-259-9109,11/01/2017
114,Hazlett,Honisch,hhonisch35@nhs.uk,Male,85271,Arizona,15-250-5449,18/09/2010
115,Prince,Bosdet,pbosdet36@reverbnation.com,Male,45807,Ohio,31-202-7253,05/12/2013
116,Sallie,Mewha,smewha37@businessinsider.com,Female,62711,Illinois,18-375-2582,06/11/2013
117,Cristi,Sneezem,csneezem38@topsy.com,Female,30022,Georgia,96-388-7316,07/06/2011
118,Egbert,Beards,ebeards39@tinyurl.com,Male,46406,Indiana,26-089-0518,26/12/2011
119,Tedra,Glewe,tglewe3a@apple.com,Female,23668,Virginia,41-849-5947,14/07/2014
120,Arabella,Konneke,akonneke3b@blogs.com,Female,02453,Massachusetts,54-098-6335,28/10/2015
